wisid,record,conference,coach,division,location
53612,4-9,LSC,Sim AI,D-II,"Abilene, TX"
53385,8-5,RMAC,Sim AI,D-II,"Alamosa, CO"
53300,2-11,SWAC,Sim AI,D-IAA,"Normal, AL"
53301,3-10,SWAC,Sim AI,D-IAA,"Montgomery, AL"
53690,7-6,MIAA,Sim AI,D-III,"Albion, MI"
53701,9-5,MAC,Sim AI,D-III,"Reading, PA"
53302,2-11,SWAC,Sim AI,D-IAA,"Alcorn State, MS"
53773,1-12,NCAC,Sim AI,D-III,"Meadville, PA"
53691,9-4,MIAA,Sim AI,D-III,"Alma, MI"
53343,5-8,NE-10,Sim AI,D-II,"Springfield, MA"
53749,7-6,NESCAC,Sim AI,D-III,"Amherst, MA"
53493,5-8,PAC-10,Sim AI,D-IA,"Tempe, AZ"
53349,5-8,NE-10,Sim AI,D-II,"Worcester, MA"
53248,1-12,SEC,Sim AI,D-IA,"Auburn, AL"
53725,7-6,MIAC,Sim AI,D-III,"Minneapolis, MN"
53331,9-4,NCC,Sim AI,D-II,"Sioux Falls, SD"
53675,2-11,IBFC,Sim AI,D-III,"Rock Island, IL"
53665,4-9,IBFC,Sim AI,D-III,"Aurora, IL"
53582,4-9,PFL,Sim AI,D-IAA,"Clarksville, TN"
53833,6-7,USA South,Sim AI,D-III,"Danville, VA"
53485,3-10,MAC,Sim AI,D-IA,"Muncie, IN"
53755,4-9,NESCAC,Sim AI,D-III,"Lewiston, ME"
53438,3-10,Big 12,Sim AI,D-IA,"Waco, TX"
53355,4-9,NSIC,Sim AI,D-II,"Bemidji, MN"
53671,3-10,IBFC,Sim AI,D-III,"Lisle, IL"
53734,3-10,MIAC,Sim AI,D-III,"Bethany, WV"
53546,7-6,MEAC,Sim AI,D-IAA,"Daytona Beach, FL"
53796,7-6,NWC,Sim AI,D-III,"Carlinville, IL"
53367,5-8,PSAC,Sim AI,D-II,"Bloomsburg, PA"
53817,9-5,ODAC,Sim AI,D-III,"Bluffton, OH"
53267,4-9,WAC,Sim AI,D-IA,"Boise, ID"
53689,15-1,MIAA,dab205,D-III,"Adrian, MI"
53403,4-9,SIAC,peteskin,D-II,"Albany, GA"
53660,12-3,FFBC,covman2003,D-III,"Alfred, NY"
53816,5-8,ODAC,DL21,D-III,"Anderson, IN"
53613,14-2,LSC,holdaway,D-II,"San Angelo, TX"
53288,15-1,SoCon,quelch,D-IAA,"Boone, NC"
53254,10-4,Sun Belt,chall23x1,D-IA,"Jonesboro, AR"
53594,8-5,GSC,gskyrme,D-II,"Russellville, AR"
53324,7-6,GLIAC,bstevens07,D-II,"Ashland, OH"
53635,8-5,ASC,stone7365,D-III,"Sherman, TX"
53797,7-6,OAC,modernameric,D-III,"Berea, OH"
53713,13-3,MWC,wiredon65,D-III,"Beloit, WI"
53404,6-7,SIAC,teyraen,D-II,"Columbia, SC"
53344,12-2,NE-10,Goonboggler,D-II,"Waltham, MA"
53426,13-1,ACC,tcochran,D-IA,"Chestnut Hill, MA"
53756,5-8,NESCAC,Sim AI,D-III,"Brunswick, ME"
53312,10-5,CIAA,Sim AI,D-II,"Bowie, MD"
53481,5-8,MAC,Sim AI,D-IA,"Bowling Green, OH"
53809,2-11,ODAC,Sim AI,D-III,"Bridgewater, VA"
53743,8-5,NEFC,Sim AI,D-III,"Bridgewater, MA"
53528,4-9,Ivy,Sim AI,D-IAA,"Providence, RI"
53345,7-6,NE-10,Sim AI,D-II,"Smithfield, RI"
53536,5-8,Ivy,Sim AI,D-IAA,"Lewisburg, PA"
53677,11-3,IIAC,Sim AI,D-III,"Storm Lake, IA"
53767,8-5,NJAC,Sim AI,D-III,"Buffalo, NY"
53576,6-7,PFL,Sim AI,D-IAA,"Indianapolis, IN"
53639,3-10,ASC,Sim AI,D-III,"Thousand Oaks, CA"
53506,2-11,Big Sky,Sim AI,D-IAA,"San Luis Obispo, CA"
53272,3-10,WAC,Sim AI,D-IA,"Fresno, CA"
53856,6-7,WIAC,Sim AI,D-III,"Kenosha, WI"
53784,11-3,NCAC,Sim AI,D-III,"Cleveland, OH"
53392,6-7,SAC,Sim AI,D-II,"Salisbury, NC"
53810,8-5,ODAC,Sim AI,D-III,"Washington, DC"
53678,7-6,IIAC,Sim AI,D-III,"Pella, IA"
53558,2-11,NEC,Sim AI,D-IAA,"New Britain, CT"
53486,5-8,MAC,Sim AI,D-IA,"Mount Pleasant, MI"
53339,5-8,NCC,Sim AI,D-II,"Ellensburg, WA"
53821,4-9,SCAC,Sim AI,D-III,"Danville, KY"
53379,5-8,RMAC,Sim AI,D-II,"Chadron, NE"
53768,4-9,NJAC,Sim AI,D-III,"Orange, CA"
53586,5-8,PFL,Sim AI,D-IAA,"Charleston, SC"
53839,7-6,USA South,Sim AI,D-III,"Murfreesboro, NC"
53834,6-7,USA South,Sim AI,D-III,"Newport News, VA"
53374,6-7,PSAC,Sim AI,D-II,"Clarion, PA"
53683,11-2,IIAC,Sim AI,D-III,"Cedar Rapids, IA"
53750,4-9,NESCAC,Sim AI,D-III,"Waterville, ME"
53537,4-9,Ivy,Sim AI,D-IAA,"Hamilton, NY"
53807,5-8,OAC,Sim AI,D-III,"Cincinnati, OH"
53538,4-9,Ivy,Sim AI,D-IAA,"Worcester, MA"
53774,5-8,NCAC,Sim AI,D-III,"Wooster, OH"
53380,6-7,RMAC,Sim AI,D-II,"Golden, CO"
53450,5-8,Big East,Sim AI,D-IA,"Fort Collins, CO"
53529,7-6,Ivy,Sim AI,D-IAA,"New York, NY"
53353,4-9,NE-10,Sim AI,D-II,"Athens, WV"
53727,0-13,MIAC,Sim AI,D-III,"Moorhead, MN"
53672,5-8,IBFC,Sim AI,D-III,"River Forest, IL"
53666,1-12,IBFC,Sim AI,D-III,"Mequon, WI"
53361,9-4,NSIC,Sim AI,D-II,"Concordia, MN"
53684,5-8,IIAC,Sim AI,D-III,"Mt. Vernon, IA"
53534,5-8,Ivy,Sim AI,D-IAA,"Ithaca, NY"
53504,15-2,Big Sky,zerfo,D-IAA,"Sacramento, CA"
53373,13-3,PSAC,plk311,D-II,"California, PA"
53798,9-4,OAC,Ukie94,D-III,"Columbus, OH"
53731,12-4,MIAC,htbaxter,D-III,"Northfield, MN"
53783,13-2,NCAC,samM90,D-III,"Pittsburgh, PA"
53719,7-6,MWC,grobbins,D-III,"Waukesha, WI"
53391,15-1,SAC,westolla,D-II,"Jefferson City, TN"
53618,14-3,MIAA,S_Cottrell23,D-II,"Warrensburg, MO"
53330,16-1,MIAA,theRobHatfie,D-II,"Cheyney, PA"
53409,9-5,SIAC,groundnpound,D-II,"Atlanta, GA"
53415,10-4,ACC,tenaciousdx,D-IA,"Clemson, SC"
53587,10-4,PFL,abdfl,D-IAA,"Conway, SC"
53278,8-5,A10,pcbell702,D-IAA,"Williamsburg, VA"
53697,9-4,MIAA,harley04,D-III,"Colorado Springs, CO"
53737,6-7,NEFC,Sim AI,D-III,"Milton, MA"
53530,5-9,Ivy,Sim AI,D-IAA,"Hanover, NH"
53583,7-6,PFL,Sim AI,D-IAA,"Davidson, NC"
53808,6-7,OAC,Sim AI,D-III,"Defiance, OH"
53542,5-8,MEAC,Sim AI,D-IAA,"Dover, DE"
53702,3-10,MAC,Sim AI,D-III,"Doylestown, PA"
53600,4-9,GSC,Sim AI,D-II,"Cleveland, MS"
53779,4-9,NCAC,Sim AI,D-III,"Granville, OH"
53822,9-5,SCAC,Sim AI,D-III,"Greencastle, IN"
53641,8-5,CC,Sim AI,D-III,"Carlisle, PA"
53577,5-8,PFL,Sim AI,D-IAA,"Des Moines, IA"
53543,2-11,MEAC,Sim AI,D-IAA,"Pittsburgh, PA"
53780,7-6,NCAC,Sim AI,D-III,"Richmond, IN"
53463,6-7,C-USA,Sim AI,D-IA,"Greenville, NC"
53606,3-10,LSC,Sim AI,D-II,"Ada, OK"
53294,2-11,SoCon,Sim AI,D-IAA,"Johnson City, TN"
53564,7-7,OVC,Sim AI,D-IAA,"Charleston, IL"
53570,12-3,OVC,Sim AI,D-IAA,"Richmond, KY"
53480,1-12,MAC,Sim AI,D-IA,"Ypsilanti, MI"
53614,3-10,LSC,Sim AI,D-II,"Portales, NM"
53791,10-3,NWC,Sim AI,D-III,"La Grande, OR"
53505,5-8,Big Sky,Sim AI,D-IAA,"Cheney, WA"
53375,0-13,PSAC,Sim AI,D-II,"Edinboro, PA"
53295,10-5,SoCon,Sim AI,D-IAA,"Elon, NC"
53811,9-4,ODAC,Sim AI,D-III,"Emory, VA"
53619,3-10,MIAA,Sim AI,D-II,"Emporia, KS"
53738,7-7,NEFC,Sim AI,D-III,"Beverly, MA"
53707,6-7,MAC,Sim AI,D-III,"Madison, NJ"
53318,10-3,CIAA,Sim AI,D-II,"Fayetteville, NC"
53588,5-8,GLIAC,Sim AI,D-II,"Big Rapids, MI"
53744,4-9,NEFC,Sim AI,D-III,"Fitchburg, MA"
53503,6-7,A10,Sim AI,D-IAA,"Boca Raton, FL"
53524,1-12,Gateway,Sim AI,D-IAA,"Miami, FL"
53539,3-10,Ivy,Sim AI,D-IAA,"Bronx, NY"
53759,14-2,NESCAC,Sim AI,D-III,"Framingham, MA"
53642,8-5,CC,Sim AI,D-III,"Lancaster, PA"
53818,7-6,ODAC,Sim AI,D-III,"Franklin, IN"
53792,4-9,NWC,Sim AI,D-III,"Frostburg, MD"
53317,0-13,CIAA,Sim AI,D-II,"Erie, PA"
53417,4-9,ACC,Sim AI,D-IA,"Atlanta, GA"
53290,5-8,SoCon,Sim AI,D-IAA,"Statesboro, GA"
53643,4-9,CC,Sim AI,D-III,"Gettysburg, PA"
53399,3-10,SAC,Sim AI,D-II,"Glenville, WV"
53411,3-10,SIAC,Sim AI,D-II,"Atlanta, GA"
53416,5-8,ACC,sjurat,D-IA,"Durham, NC"
53629,16-1,ASC,kcindc02spor,D-III,"Marshall, TX"
53313,5-8,CIAA,KALP7669,D-II,"Elizabeth City, NC"
53673,9-4,IBFC,tom_landry,D-III,"Elmhurst, IL"
53667,13-2,IBFC,sammyboy40,D-III,"Eureka, IL"
53354,17-0,NE-10,wyvern737,D-II,"Fairmont, WV"
53835,12-3,USA South,coach_ruiz,D-III,"Ferrum, VA"
53540,14-3,MEAC,rh01647,D-IAA,"Tallahassee, FL"
53421,11-2,ACC,steeler_dawg,D-IA,"Tallahassee, FL"
53381,14-2,RMAC,jayhawkgrant,D-II,"Hays, KS"
53386,13-2,RMAC,sasatchi,D-II,"Durango, CO"
53405,9-4,SIAC,alansonja,D-II,"Fort Valley, GA"
53289,14-2,SoCon,majresorter,D-IAA,"Greenville, SC"
53305,9-5,SWAC,starfinder77,D-IAA,"Boiling Springs, NC"
53560,12-3,NEC,bobbypurify,D-IAA,"Washington, DC"
53306,10-4,SWAC,warrior0510,D-IAA,"Grambling, LA"
53325,3-10,GLIAC,Sim AI,D-II,"Allendale, MI"
53836,9-4,USA South,Sim AI,D-III,"Greensboro, NC"
53668,4-9,IBFC,Sim AI,D-III,"Greenville, IL"
53720,7-6,MWC,Sim AI,D-III,"Grinnell, IA"
53735,7-6,MIAC,Sim AI,D-III,"Grove City, PA"
53812,2-11,ODAC,Sim AI,D-III,"Greensboro, NC"
53728,5-8,MIAC,Sim AI,D-III,"St. Peter, MN"
53757,7-6,NESCAC,Sim AI,D-III,"Clinton, NY"
53732,8-5,MIAC,Sim AI,D-III,"St. Paul, MN"
53813,5-8,ODAC,Sim AI,D-III,"Hampden-Sydney, VA"
53547,9-4,MEAC,Sim AI,D-IAA,"Hampton, VA"
53819,4-9,ODAC,Sim AI,D-III,"Hanover, IN"
53595,7-6,GSC,Sim AI,D-II,"Searcy, AR"
53630,6-7,ASC,Sim AI,D-III,"Abilene, TX"
53661,4-9,FFBC,Sim AI,D-III,"Oneonta, NY"
53531,9-4,Ivy,Sim AI,D-IAA,"Boston, MA"
53601,6-7,GSC,Sim AI,D-II,"Arkadelphia, AR"
53781,8-5,NCAC,Sim AI,D-III,"Hiram, OH"
53648,5-8,CC,Sim AI,D-III,"Geneva, NY"
53284,5-8,A10,Sim AI,D-IAA,"Hempstead, NY"
53692,4-9,MIAA,Sim AI,D-III,"Holland, MI"
53631,6-7,ASC,Sim AI,D-III,"Brownwood, TX"
53548,3-10,MEAC,Sim AI,D-IAA,"Washington, DC"
53340,0-13,NCC,Sim AI,D-II,"Arcata, CA"
53699,7-6,MIAA,Sim AI,D-III,"Bangor, ME"
53510,9-5,Big Sky,Sim AI,D-IAA,"Pocatello, ID"
53674,5-8,IBFC,Sim AI,D-III,"Bloomington, IL"
53517,2-11,Gateway,Sim AI,D-IAA,"Terre Haute, IN"
53460,6-8,Big Ten,Sim AI,D-IA,"Bloomington, IN"
53567,5-8,OVC,Sim AI,D-IAA,"New Rochelle, NY"
53432,7-7,Big 12,Sim AI,D-IA,"Ames, IA"
53662,5-8,FFBC,Sim AI,D-III,"Ithaca, NY"
53571,7-6,OVC,Sim AI,D-IAA,"Jacksonville, AL"
53584,3-10,PFL,Sim AI,D-IAA,"Jacksonville, FL"
53279,6-7,A10,Sim AI,D-IAA,"Harrisonburg, VA"
53799,1-12,OAC,Sim AI,D-III,"University Heights, OH"
53319,3-10,CIAA,Sim AI,D-II,"Charlotte, NC"
53708,8-5,MAC,Sim AI,D-III,"Huntingdon, PA"
53693,5-8,MIAA,Sim AI,D-III,"Kalamazoo, MI"
53427,6-7,Big 12,Sim AI,D-IA,"Manhattan, KS"
53761,4-9,NJAC,Sim AI,D-III,"Union, NJ"
53477,5-8,MAC,Sim AI,D-IA,"Kent, OH"
53412,3-10,SIAC,Sim AI,D-II,"Owensboro, KY"
53775,10-4,NCAC,Sim AI,D-III,"Gambier, OH"
53721,7-6,MWC,Sim AI,D-III,"Galesburg, IL"
53369,1-12,PSAC,Sim AI,D-II,"Kutztown, PA"
53544,7-6,MEAC,Sim AI,D-IAA,"Philadelphia, PA"
53561,6-7,NEC,Sim AI,D-IAA,"Easton, PA"
53715,3-10,MWC,Sim AI,D-III,"Lake Forest, IL"
53669,5-8,IBFC,Sim AI,D-III,"Sheboygan, WI"
53722,4-9,MWC,Sim AI,D-III,"Appleton, WI"
53709,7-6,MAC,Sim AI,D-III,"Annville, PA"
53549,7-6,MEAC,Sim AI,D-IAA,"Baltimore, MD"
53769,8-5,NJAC,tommyweather,D-III,"Montgomery, AL"
53714,10-3,MWC,Ginette2020,D-III,"Jacksonville, IL"
53516,14-2,Gateway,bjschumacher,D-IAA,"Normal, IL"
53376,10-4,PSAC,davidbutler9,D-II,"Indiana, PA"
53303,11-4,SWAC,blaines,D-IAA,"Jackson, MS"
53644,13-2,CC,STiNgTunic,D-III,"Baltimore, MD"
53406,16-1,SIAC,thejargon,D-II,"Frankfort, KY"
53703,4-9,MAC,sonozero,D-III,"Wilkes-Barre, PA"
53410,7-6,SIAC,stumpydoodle,D-II,"Jackson, TN"
53562,5-8,NEC,Sim AI,D-IAA,"Bethlehem, PA"
53786,4-9,NWC,Sim AI,D-III,"Mc Minnville, OR"
53320,6-7,CIAA,Sim AI,D-II,"Salisbury, NC"
53628,7-6,MIAA,Sim AI,D-II,"Lock Haven, PA"
53679,5-8,IIAC,Sim AI,D-III,"Dubuque, IA"
53632,10-3,ASC,Sim AI,D-III,"Pineville, LA"
53266,6-7,WAC,Sim AI,D-IA,"Ruston, LA"
53680,5-8,IIAC,Sim AI,D-III,"Decorah, IA"
53704,5-8,MAC,Sim AI,D-III,"Williamsport, PA"
53670,7-6,IBFC,Sim AI,D-III,"Jacksonville, IL"
53745,6-7,NEFC,Sim AI,D-III,"Castine, ME"
53820,0-13,ODAC,Sim AI,D-III,"North Manchester, IN"
53840,10-3,USA South,Sim AI,D-III,"Watertown, WI"
53804,4-9,OAC,Sim AI,D-III,"Marietta, OH"
53568,7-6,OVC,Sim AI,D-IAA,"Poughkeepsie, NY"
53449,4-9,Big East,Sim AI,D-IA,"Milwaukee, WI"
53393,4-9,SAC,Sim AI,D-II,"Mars Hill, NC"
53698,7-6,MIAA,Sim AI,D-III,"New Ulm, MN"
53841,5-8,USA South,Sim AI,D-III,"Maryville, TN"
53760,9-4,NESCAC,Sim AI,D-III,"Cambridge, MA"
53746,6-7,NEFC,Sim AI,D-III,"Buzzards Bay, MA"
53633,2-11,ASC,Sim AI,D-III,"Abilene, TX"
53297,5-8,SoCon,Sim AI,D-IAA,"Lake Charles, LA"
53326,3-10,GLIAC,Sim AI,D-II,"Erie, PA"
53347,3-10,NE-10,Sim AI,D-II,"North Andover, MA"
53387,6-7,RMAC,Sim AI,D-II,"Grand Junction, CO"
53837,4-9,USA South,Sim AI,D-III,"Fayetteville, NC"
53475,6-7,MAC,Sim AI,D-IA,"Oxford, OH"
53452,2-11,Big Ten,Sim AI,D-IA,"East Lansing, MI"
53590,3-10,GLIAC,Sim AI,D-II,"Houghton, MI"
53751,7-6,NESCAC,Sim AI,D-III,"Middlebury, VT"
53382,8-5,RMAC,Sim AI,D-II,"Wichita Falls, TX"
53853,3-10,WIAC,Sim AI,D-III,"Decatur, IL"
53823,6-7,SCAC,Sim AI,D-III,"Jackson, MS"
53356,6-7,NSIC,Sim AI,D-II,"Moorhead, MN"
53636,8-5,ASC,Sim AI,D-III,"Clinton, MS"
53250,5-8,SEC,Sim AI,D-IA,"Mississippi St., MS"
53624,4-9,MIAA,Sim AI,D-II,"Joplin, MO"
53620,9-4,MIAA,Sim AI,D-II,"St. Joseph, MO"
53716,3-10,MWC,Sim AI,D-III,"Monmouth, IL"
53552,6-7,NEC,Sim AI,D-IAA,"West Long Branch, NJ"
53512,2-11,Big Sky,Sim AI,D-IAA,"Bozeman, MT"
53762,6-7,NJAC,Sim AI,D-III,"Upper Montclair, NJ"
53710,6-7,MAC,Sim AI,D-III,"Bethlehem, PA"
53585,11-4,PFL,Sim AI,D-IAA,"Morehead, KY"
53785,12-3,NWC,jgranberg,D-III,"Portland, OR"
53311,11-5,SWAC,pwiest,D-IAA,"Lynchburg, VA"
53346,12-3,NE-10,xigamma119,D-II,"Brookville, NY"
53249,11-2,SEC,cebrake,D-IA,"Baton Rouge, LA"
53696,1-12,MIAA,Malmberg57,D-III,"St. Paul, MN"
53370,2-11,PSAC,jabbers,D-II,"Mansfield, PA"
53467,12-3,C-USA,dawgnation4,D-IA,"Huntington, WV"
53645,12-3,CC,muckraker,D-III,"Westminster, MD"
53793,13-2,NWC,ekatzen,D-III,"Atherton, CA"
53407,5-8,SIAC,robby_p,D-II,"Birmingham, AL"
53371,8-5,PSAC,zlionsfan,D-II,"Millersville, PA"
53332,11-3,NCC,brummelr,D-II,"Mankato, MN"
53304,13-3,SWAC,gmurphy10,D-IAA,"Itta Bena, MS"
53522,13-3,Gateway,crab_simmons,D-IAA,"Springfield, MO"
53770,9-4,NJAC,Sim AI,D-III,"Newton Centre, MA"
53646,2-11,CC,Sim AI,D-III,"Allentown, PA"
53572,5-8,OVC,Sim AI,D-IAA,"Murray, KY"
53801,4-9,OAC,Sim AI,D-III,"New Concord, OH"
53842,6-7,USA South,Sim AI,D-III,"Lincoln, NE"
53388,1-12,RMAC,Sim AI,D-II,"Las Vegas, NM"
53260,3-10,Sun Belt,Sim AI,D-IA,"Las Cruces, NM"
53398,5-8,SAC,Sim AI,D-II,"Newberry, SC"
53298,7-6,SoCon,Sim AI,D-IAA,"Thibodaux, LA"
53739,7-6,NEFC,Sim AI,D-III,"Dudley, MA"
53541,0-13,MEAC,Sim AI,D-IAA,"Norfolk, VA"
53422,3-10,ACC,Sim AI,D-IA,"Raleigh, NC"
53854,10-4,WIAC,Sim AI,D-III,"Naperville, IL"
53855,5-8,WIAC,Sim AI,D-III,"Chicago, IL"
53607,5-8,LSC,Sim AI,D-II,"Tahlequah, OK"
53285,5-8,A10,Sim AI,D-IAA,"Boston, MA"
53362,4-9,NSIC,Sim AI,D-II,"Aberdeen, SD"
53621,3-10,MIAA,Sim AI,D-II,"Maryville, MO"
53299,5-8,SoCon,Sim AI,D-IAA,"Natchitoches, LA"
53453,4-9,Big Ten,Sim AI,D-IA,"Evanston, IL"
53591,5-8,GLIAC,Sim AI,D-II,"Midland, MI"
53653,7-6,FFBC,Sim AI,D-III,"Northfield, VT"
53776,3-10,NCAC,Sim AI,D-III,"Oberlin, OH"
53828,1-12,SCAC,Sim AI,D-III,"Los Angeles, CA"
53802,6-7,OAC,Sim AI,D-III,"Ada, OH"
53782,8-5,NCAC,Sim AI,D-III,"Delaware, OH"
53383,6-7,RMAC,Sim AI,D-II,"Goodwell, OK"
53435,5-8,Big 12,Sim AI,D-IA,"Stillwater, OK"
53695,5-8,MIAA,Sim AI,D-III,"Olivet, MI"
53487,1-12,PAC-10,Sim AI,D-IA,"Corvallis, OR"
53805,7-6,OAC,Sim AI,D-III,"Westerville, OH"
53350,6-7,NE-10,Sim AI,D-II,"Pleasantville, NY"
53787,9-4,NWC,Sim AI,D-III,"Tacoma, WA"
53829,5-8,SCAC,Sim AI,D-III,"Claremont, CA"
53507,1-12,Big Sky,Sim AI,D-IAA,"Portland, OR"
53307,10-4,SWAC,Sim AI,D-IAA,"Prairie View, TX"
53394,6-7,SAC,Sim AI,D-II,"Clinton, SC"
53794,5-8,NWC,Sim AI,D-III,"Elsah, IL"
53459,1-12,Big Ten,Sim AI,D-IA,"West Lafayette, IN"
53649,2-11,CC,Sim AI,D-III,"Troy, NY"
53824,5-8,SCAC,Sim AI,D-III,"Memphis, TN"
53464,2-11,C-USA,Sim AI,D-IA,"Houston, TX"
53717,6-7,MWC,Sim AI,D-III,"Ripon, WI"
53553,1-12,NEC,Sim AI,D-IAA,"Moon Township, PA"
53825,4-9,SCAC,Sim AI,D-III,"Terre Haute, IN"
53763,2-11,NJAC,Sim AI,D-III,"Glassboro, NJ"
53321,11-4,CIAA,Richiecr26,D-II,"Durham, NC"
53333,12-2,NCC,Quarantine,D-II,"Fargo, ND"
53511,7-6,Big Sky,thejimbo,D-IAA,"Flagstaff, AZ"
53483,12-3,MAC,alogman1,D-IA,"De Kalb, IL"
53327,5-8,GLIAC,TDNewsome,D-II,"Marquette, MI"
53457,8-5,Big Ten,mpmershon,D-IA,"Columbus, OH"
53478,13-1,MAC,bignr37,D-IA,"Athens, OH"
53596,12-3,GSC,cousmo,D-II,"Arkadelphia, AR"
53458,14-0,Big Ten,husker111,D-IA,"University Park, PA"
53622,12-3,MIAA,snooptym,D-II,"Pittsburg, KS"
53654,15-1,FFBC,2U23L,D-III,"Plymouth, NH"
53535,14-2,Ivy,CoachHottel,D-IAA,"Princeton, NJ"
53414,10-5,SIAC,tbook,D-II,"Quincy, IL"
53814,17-0,ODAC,unchoop15,D-III,"Ashland, VA"
53771,15-1,NJAC,artestlostit,D-III,"Rockford, IL"
53554,10-4,NEC,Sim AI,D-IAA,"Fairfield, CT"
53328,2-11,GLIAC,Sim AI,D-II,"University Center, MI"
53351,7-6,NE-10,Sim AI,D-II,"Manchester, NH"
53559,5-8,NEC,Sim AI,D-IAA,"Loretto, PA"
53712,10-3,MAC,Sim AI,D-III,"Salisbury, MD"
53740,2-11,NEFC,Sim AI,D-III,"Newport, RI"
53573,2-11,OVC,Sim AI,D-IAA,"Birmingham, AL"
53273,9-5,WAC,Sim AI,D-IA,"San Diego, CA"
53274,7-7,WAC,Sim AI,D-IA,"San Jose, CA"
53525,6-7,Gateway,Sim AI,D-IAA,"Savannah, GA"
53314,4-9,CIAA,Sim AI,D-II,"Raleigh, NC"
53838,3-10,USA South,Sim AI,D-III,"Winchester, VA"
53377,3-10,PSAC,Sim AI,D-II,"Shippensburg, PA"
53545,7-6,MEAC,Sim AI,D-IAA,"Loudonville, NY"
53681,3-10,IIAC,Sim AI,D-III,"Indianola, IA"
53378,4-9,PSAC,Sim AI,D-II,"Slippery Rock, PA"
53551,10-5,MEAC,Sim AI,D-IAA,"Orangeburg, SC"
53334,3-10,NCC,Sim AI,D-II,"Brookings, SD"
53574,3-10,OVC,Sim AI,D-IAA,"Cape Girardeau, MO"
53526,3-10,Gateway,Sim AI,D-IAA,"Hammond, LA"
53602,3-10,GSC,Sim AI,D-II,"Magnolia, AR"
53348,4-9,NE-10,Sim AI,D-II,"New Haven, CT"
53518,7-6,Gateway,Sim AI,D-IAA,"Carbondale, IL"
53472,5-8,C-USA,Sim AI,D-IA,"Dallas, TX"
53308,2-11,SWAC,Sim AI,D-IAA,"Baton Rouge, LA"
53625,5-8,MIAA,Sim AI,D-II,"Bolivar, MO"
53659,8-5,FFBC,Sim AI,D-III,"Springfield, MA"
53322,4-9,CIAA,Sim AI,D-II,"Raleigh, NC"
53335,2-11,NCC,Sim AI,D-II,"St. Cloud, MN"
53663,6-7,FFBC,Sim AI,D-III,"Rochester, NY"
53729,3-10,MIAC,Sim AI,D-III,"Collegeville, MN"
53509,2-11,Big Sky,Sim AI,D-IAA,"Moraga, CA"
53718,10-4,MWC,Sim AI,D-III,"De Pere, WI"
53569,2-11,OVC,Sim AI,D-IAA,"Jersey City, NJ"
53700,12-3,MIAA,Sim AI,D-III,"Brockport, NY"
53514,6-7,Big Sky,Sim AI,D-IAA,"Nacogdoches, TX"
53795,8-5,NWC,Sim AI,D-III,"Tuscaloosa, AL"
53352,5-8,NE-10,Sim AI,D-II,"Easton, MA"
53637,8-5,ASC,Sim AI,D-III,"Alpine, TX"
53705,3-10,MAC,Sim AI,D-III,"Selinsgrove, PA"
53610,6-7,LSC,Sim AI,D-II,"Stephenville, TX"
53575,9-5,OVC,Sim AI,D-IAA,"Nashville, TN"
53565,5-8,OVC,Sim AI,D-IAA,"Cookeville, TN"
53437,6-7,Big 12,Sim AI,D-IA,"College Station, TX"
53413,13-2,SIAC,powercatryan,D-II,"Rensselaer, IN"
53513,16-1,Big Sky,drcoach76,D-IAA,"Huntsville, TX"
53400,7-6,SAC,SGammon77,D-II,"Shepherdstown, WV"
53608,11-4,LSC,maitaimojo,D-II,"Durant, OK"
53527,11-4,Gateway,dunkonyou,D-IAA,"Cedar City, UT"
53609,4-9,LSC,BlackHaze187,D-II,"Weatherford, OK"
53650,17-0,CC,jorba98,D-III,"Canton, NY"
53733,17-0,MIAC,mfnmyers,D-III,"Northfield, MN"
53497,14-0,PAC-10,katzphang88,D-IA,"Stanford, CA"
53764,6-7,NJAC,tlynch16,D-III,"Cortland, NY"
53555,12-3,NEC,veejay,D-IAA,"Stony Brook, NY"
53440,10-4,Big East,champ83,D-IA,"Syracuse, NY"
53441,10-4,Big East,bremiro,D-IA,"Philadelphia, PA"
53615,2-11,LSC,Sim AI,D-II,"Commerce, TX"
53616,6-7,LSC,Sim AI,D-II,"Kingsville, TX"
53469,9-5,C-USA,Sim AI,D-IA,"Fort Worth, TX"
53638,6-7,ASC,Sim AI,D-III,"Seguin, TX"
53309,7-6,SWAC,Sim AI,D-IAA,"Houston, TX"
53515,9-4,Big Sky,Sim AI,D-IAA,"San Marcos, TX"
53436,2-11,Big 12,Sim AI,D-IA,"Lubbock, TX"
53291,5-8,SoCon,Sim AI,D-IAA,"Charleston, SC"
53765,8-6,NJAC,Sim AI,D-III,"Ewing, NJ"
53686,5-8,IIAC,Sim AI,D-III,"Greenville, PA"
53843,0-13,USA South,Sim AI,D-III,"Crestview Hills, KY"
53563,4-9,NEC,Sim AI,D-IAA,"Towson, MD"
53752,1-12,NESCAC,Sim AI,D-III,"Hartford, CT"
53826,4-9,SCAC,Sim AI,D-III,"San Antonio, TX"
53265,4-9,Sun Belt,Sim AI,D-IA,"Troy, AL"
53623,3-10,MIAA,Sim AI,D-II,"Kirksville, MO"
53470,7-7,C-USA,Sim AI,D-IA,"New Orleans, LA"
53655,4-9,FFBC,Sim AI,D-III,"New London, CT"
53656,9-4,FFBC,Sim AI,D-III,"Kings Point, NY"
53651,4-9,CC,Sim AI,D-III,"Schenectady, NY"
53556,10-4,NEC,Sim AI,D-IAA,"Albany, NY"
53479,7-7,MAC,Sim AI,D-IA,"Buffalo, NY"
53476,8-6,MAC,Sim AI,D-IA,"Akron, OH"
53471,8-6,C-USA,Sim AI,D-IA,"Birmingham, AL"
53494,5-8,PAC-10,Sim AI,D-IA,"Tucson, AZ"
53252,4-9,SEC,Sim AI,D-IA,"Fayetteville, AR"
53603,6-7,GSC,Sim AI,D-II,"Monticello, AR"
53310,8-5,SWAC,Sim AI,D-IAA,"Pine Bluff, AR"
53598,2-11,GSC,Sim AI,D-II,"Conway, AR"
53468,9-5,C-USA,Sim AI,D-IA,"Orlando, FL"
53446,7-7,Big East,Sim AI,D-IA,"Cincinnati, OH"
53431,4-9,Big 12,Sim AI,D-IA,"Boulder, CO"
53442,4-9,Big East,Sim AI,D-IA,"Storrs, CT"
53578,6-7,PFL,Sim AI,D-IAA,"Dayton, OH"
53685,4-9,IIAC,Sim AI,D-III,"Dubuque, IA"
53261,0-13,Sun Belt,Sim AI,D-IA,"Moscow, ID"
53451,6-7,Big Ten,Sim AI,D-IA,"Champaign, IL"
53461,5-8,Big Ten,Sim AI,D-IA,"Iowa City, IA"
53430,4-9,Big 12,Sim AI,D-IA,"Lawrence, KS"
53247,3-10,SEC,Sim AI,D-IA,"Lexington, KY"
53830,10-5,SCAC,Sim AI,D-III,"La Verne, CA"
53256,1-12,Sun Belt,Sim AI,D-IA,"Lafayette, LA"
53257,4-9,Sun Belt,Sim AI,D-IA,"Monroe, LA"
53634,0-13,ASC,Sim AI,D-III,"Belton, TX"
53423,3-10,ACC,Sim AI,D-IA,"College Park, MD"
53395,11-3,SAC,aaron_brumme,D-II,"Greeneville, TN"
53408,10-4,SIAC,bnscpl,D-II,"Tuskegee, AL"
53251,14-0,SEC,buddhagamer,D-IA,"Tuscaloosa, AL"
53491,11-3,PAC-10,sportsdouche,D-IA,"Berkeley, CA"
53496,12-2,PAC-10,kona_surfer,D-IA,"Los Angeles, CA"
53611,8-5,LSC,heelboy,D-II,"Edmond, OK"
53364,16-1,NSIC,kensei44,D-II,"Charleston, WV"
53723,9-4,MWC,RadLad,D-III,"Chicago, IL"
53280,11-4,A10,oriolemagic,D-IAA,"Newark, DE"
53501,10-4,SEC,fburk,D-IA,"Gainesville, FL"
53499,11-3,SEC,stat10,D-IA,"Athens, GA"
53276,14-0,WAC,jmg1883,D-IA,"Honolulu, HI"
53473,14-0,C-USA,bhouska,D-IA,"Houston, TX"
53329,17-0,GLIAC,hoovcats,D-II,"Indianapolis, IN"
53445,12-2,Big East,plumken,D-IA,"Louisville, KY"
53286,15-1,A10,polarsi,D-IAA,"Orono, ME"
53281,8-5,A10,Sim AI,D-IAA,"Amherst, MA"
53741,5-8,NEFC,Sim AI,D-III,"North Dartmouth, MA"
53466,4-9,C-USA,Sim AI,D-IA,"Memphis, TN"
53358,3-10,NSIC,Sim AI,D-II,"Crookston, MN"
53360,2-11,NSIC,Sim AI,D-II,"Duluth, MN"
53253,3-10,SEC,Sim AI,D-IA,"University, MS"
53626,6-7,MIAA,Sim AI,D-II,"Rolla, MO"
53264,8-7,Sun Belt,Sim AI,D-IA,"Missoula, MT"
53389,9-4,RMAC,Sim AI,D-II,"Kearney, NE"
53336,6-7,NCC,Sim AI,D-II,"Omaha, NE"
53277,5-8,WAC,Sim AI,D-IA,"Reno, NV"
53287,5-8,A10,Sim AI,D-IAA,"Durham, NH"
53269,7-7,WAC,Sim AI,D-IA,"Albuquerque, NM"
53604,6-7,GSC,Sim AI,D-II,"Florence, AL"
53337,8-5,NCC,Sim AI,D-II,"Grand Forks, ND"
53262,8-6,Sun Belt,Sim AI,D-IA,"Denton, TX"
53488,1-12,PAC-10,Sim AI,D-IA,"Eugene, OR"
53532,5-8,Ivy,Sim AI,D-IAA,"Philadelphia, PA"
53788,3-10,NWC,Sim AI,D-III,"Tacoma, WA"
53831,7-6,SCAC,Sim AI,D-III,"Redlands, CA"
53282,1-12,A10,Sim AI,D-IAA,"Kingston, RI"
53502,5-8,A10,Sim AI,D-IAA,"Richmond, VA"
53652,6-7,CC,Sim AI,D-III,"Rochester, NY"
53579,8-5,PFL,Sim AI,D-IAA,"San Diego, CA"
53246,2-11,SEC,Sim AI,D-IA,"Columbia, SC"
53338,2-11,NCC,Sim AI,D-II,"Vermillion, SD"
53447,1-12,Big East,Sim AI,D-IA,"Tampa, FL"
53474,2-11,C-USA,Sim AI,D-IA,"Hattiesburg, MS"
53730,6-7,MIAC,Sim AI,D-III,"St. Paul, MN"
53296,9-4,SoCon,Sim AI,D-IAA,"Chattanooga, TN"
53566,8-5,OVC,Sim AI,D-IAA,"Martin, TN"
53268,4-9,WAC,Sim AI,D-IA,"El Paso, TX"
53827,7-6,SCAC,Sim AI,D-III,"Sewanee, TN"
53482,3-10,MAC,Sim AI,D-IA,"Toledo, OH"
53465,0-13,C-USA,Sim AI,D-IA,"Tulsa, OK"
53270,7-8,WAC,Sim AI,D-IA,"Salt Lake City, UT"
53419,7-7,ACC,Sim AI,D-IA,"Charlottesville, VA"
53599,6-7,GSC,Sim AI,D-II,"Livingston, AL"
53846,4-9,WIAC,Sim AI,D-III,"La Crosse, WI"
53456,4-9,Big Ten,Sim AI,D-IA,"Madison, WI"
53847,9-4,WIAC,Sim AI,D-III,"Platteville, WI"
53848,2-11,WIAC,Sim AI,D-III,"River Falls, WI"
53454,9-5,Big Ten,huskerfan26,D-IA,"Ann Arbor, MI"
53455,9-5,Big Ten,buckeyedick,D-IA,"Minneapolis, MN"
53429,12-2,Big 12,t_roy84,D-IA,"Columbia, MO"
53428,11-3,Big 12,mraston,D-IA,"Lincoln, NE"
53275,4-9,WAC,dcamp1225,D-IA,"Las Vegas, NV"
53418,11-3,ACC,tdfactory,D-IA,"Chapel Hill, NC"
53523,14-2,Gateway,chetty1963,D-IAA,"Cedar Falls, IA"
53462,11-2,Big Ten,lsteenberg,D-IA,"Notre Dame, IN"
53433,11-3,Big 12,rorisio,D-IA,"Norman, OK"
53443,10-3,Big East,waynemiller,D-IA,"Pittsburgh, PA"
53495,10-3,PAC-10,huskerfan58,D-IA,"Los Angeles, CA"
53500,11-3,SEC,rdierkers,D-IA,"Knoxville, TN"
53434,11-2,Big 12,cardsrunner,D-IA,"Austin, TX"
53489,3-10,PAC-10,flyin7,D-IA,"Seattle, WA"
53597,6-7,GSC,blutounc,D-II,"Carrollton, GA"
53851,6-7,WIAC,wizbang1943,D-III,"Oshkosh, WI"
53849,6-7,WIAC,Sim AI,D-III,"Stevens Point, WI"
53852,2-11,WIAC,Sim AI,D-III,"Menomonie, WI"
53850,3-10,WIAC,Sim AI,D-III,"Whitewater, WI"
53271,3-10,WAC,Sim AI,D-IA,"Laramie, WY"
53647,9-4,CC,Sim AI,D-III,"Collegeville, PA"
53498,1-12,PAC-10,Sim AI,D-IA,"USAF Academy, CO"
53263,5-8,Sun Belt,Sim AI,D-IA,"Logan, UT"
53664,1-12,FFBC,Sim AI,D-III,"Utica, NY"
53581,2-11,PFL,Sim AI,D-IAA,"Lexington, VA"
53315,4-9,CIAA,Sim AI,D-II,"Petersburg, VA"
53316,10-3,CIAA,Sim AI,D-II,"Richmond, VA"
53777,4-9,NCAC,Sim AI,D-III,"Crawfordsville, IN"
53557,7-6,NEC,Sim AI,D-IAA,"Staten Island, NY"
53420,3-10,ACC,Sim AI,D-IA,"Winston-Salem, NC"
53627,2-11,MIAA,Sim AI,D-II,"Topeka, KS"
53687,3-10,IIAC,Sim AI,D-III,"Washington, PA"
53815,8-5,ODAC,Sim AI,D-III,"Lexington, VA"
53490,7-7,PAC-10,Sim AI,D-IA,"Pullman, WA"
53724,11-4,MWC,Sim AI,D-III,"St. Louis, MO"
53363,6-7,NSIC,Sim AI,D-II,"Wayne, NE"
53688,9-6,IIAC,Sim AI,D-III,"Waynesburg, PA"
53508,8-5,Big Sky,Sim AI,D-IAA,"Ogden, UT"
53772,5-8,NJAC,Sim AI,D-III,"Dover, DE"
53758,4-9,NESCAC,Sim AI,D-III,"Middletown, CT"
53365,4-9,NSIC,Sim AI,D-II,"West Liberty, WV"
53444,3-10,Big East,Sim AI,D-IA,"Morgantown, WV"
53401,9-4,SAC,Sim AI,D-II,"Montgomery, WV"
53402,8-6,SAC,Sim AI,D-II,"Buckhannon, WV"
53292,7-6,SoCon,Sim AI,D-IAA,"Cullowhee, NC"
53519,2-11,Gateway,Sim AI,D-IAA,"Macomb, IL"
53520,7-6,Gateway,Sim AI,D-IAA,"Bowling Green, KY"
53484,6-7,MAC,Sim AI,D-IA,"Kalamazoo, MI"
53742,5-8,NEFC,Sim AI,D-III,"Springfield, MA"
53384,4-9,RMAC,Sim AI,D-II,"Silver City, NM"
53341,3-10,NCC,Sim AI,D-II,"Monmouth, OR"
53390,4-9,RMAC,Sim AI,D-II,"Gunnison, CO"
53747,5-8,NEFC,Sim AI,D-III,"Westfield, MA"
53736,6-7,MIAC,Sim AI,D-III,"New Wilmington, PA"
53832,9-4,SCAC,Sim AI,D-III,"Whittier, CA"
53789,6-7,NWC,Sim AI,D-III,"Spokane, WA"
53706,7-6,MAC,Sim AI,D-III,"Wilkes-Barre, PA"
53790,1-12,NWC,Sim AI,D-III,"Salem, OR"
53258,13-1,Sun Belt,pcf2007,D-IA,"Annapolis, MD"
53605,14-2,GSC,gearhead1968,D-II,"Valdosta, GA"
53580,15-2,PFL,moreron,D-IAA,"Valparaiso, IN"
53283,9-5,A10,j2mul,D-IAA,"Villanova, PA"
53425,8-6,ACC,majique,D-IA,"Blacksburg, VA"
53682,4-9,IIAC,amarner32,D-III,"Waverly, IA"
53593,9-4,GLIAC,thadsatre,D-II,"Detroit, MI"
53372,14-2,PSAC,dawgnuts,D-II,"West Chester, PA"
53617,17-0,LSC,bigpoppa85,D-II,"Canyon, TX"
53366,10-4,NSIC,clarkvb,D-II,"Institute, WV"
53657,11-3,FFBC,Robin80,D-III,"Danbury, CT"
53342,13-2,NCC,knightsaynih,D-II,"Bellingham, WA"
53844,14-1,USA South,Johnnyluv15,D-III,"Fulton, MO"
53676,17-0,IBFC,frmrd3coach,D-III,"Wheaton, IL"
53711,16-1,MAC,AllStarInc,D-III,"Chester, PA"
53766,7-6,NJAC,Sim AI,D-III,"Wayne, NJ"
53754,4-9,NESCAC,Sim AI,D-III,"Williamstown, MA"
53806,10-3,OAC,Sim AI,D-III,"Wilmington, OH"
53323,5-8,CIAA,Sim AI,D-II,"Winston-Salem, NC"
53694,5-8,MIAA,Sim AI,D-III,"Milwaukee, WI"
53778,8-5,NCAC,Sim AI,D-III,"Springfield, OH"
53293,3-10,SoCon,Sim AI,D-IAA,"Spartanburg, SC"
53658,3-10,FFBC,Sim AI,D-III,"Worcester, MA"
53533,4-9,Ivy,Sim AI,D-IAA,"New Haven, CT"
53396,6-7,SAC,murph705,D-II,"Wingate, NC"
53748,13-2,NEFC,psed,D-III,"Worcester, MA"
53521,17-0,Gateway,horndogs2s,D-IAA,"Youngstown, OH"
53726,7-7,MIAC,mwbergeron,D-III,"St. Paul, MN"
53492,11-4,PAC-10,schultz11,D-IA,"Provo, UT"
53640,8-6,ASC,LethalAnt,D-III,"Claremont, CA"
53448,11-3,Big East,mholland,D-IA,"Chicago, IL"
53368,13-2,PSAC,keeper03,D-II,"East Stroudsburg, PA"
53803,15-1,OAC,goldencats,D-III,"Tiffin, OH"
53589,13-2,GLIAC,jaybrummel,D-II,"Hillsdale, MI"
53397,2-11,SAC,zeee034,D-II,"Hickory, NC"
53255,10-4,Sun Belt,tiltwar,D-IA,"Murfreesboro, TN"
53800,10-4,OAC,shays75BR,D-III,"Alliance, OH"
53550,6-7,MEAC,zfarmer100,D-IAA,"Greensboro, NC"
53439,13-1,Big East,nate1771,D-IA,"New Brunswick, NJ"
53357,8-6,NSIC,chadsteelers,D-II,"Marshall, MN"
53753,15-2,NESCAC,Noleman2693,D-III,"Medford, MA"
53592,4-9,GLIAC,swarefl,D-II,"Findlay, OH"
53424,13-1,ACC,ez37,D-IA,"Coral Gables, FL"
53845,15-1,WIAC,brianlee,D-III,"Eau Claire, WI"
53259,10-4,Sun Belt,NW_OHIO,D-IA,"West Point, NY"
53245,9-5,SEC,clayolson1,D-IA,"Nashville, TN"
53359,8-5,NSIC,BrianBrummel,D-II,"Winona, MN"
